{
    "summary": {
        "timestamp": "2025-12-19 21:24:36",
        "model": "ResNet50",
        "dataset": "CIFAR-100",
        "test_accuracy": 0.03200000151991844,
        "test_loss": 13.216301918029785,
        "final_train_accuracy": 0.22306667268276215,
        "final_val_accuracy": 0.0272000003606081,
        "best_val_accuracy": 0.17239999771118164,
        "best_val_accuracy_epoch": 9,
        "total_epochs": 20,
        "frozen_epochs": 10,
        "fine_tuning_epochs": 10,
        "input_shape": [
            75,
            75,
            3
        ],
        "num_classes": 100,
        "batch_size": 64,
        "initial_lr": 0.001,
        "fine_tuning_lr": 0.0001
    },
    "training_history": {
        "accuracy": [
            0.05693333223462105,
            0.08739999681711197,
            0.10108888894319534,
            0.10708888620138168,
            0.11133333295583725,
            0.11531110852956772,
            0.11768888682126999,
            0.11971110850572586,
            0.12297777831554413,
            0.12168888747692108,
            0.11844444274902344,
            0.16493333876132965,
            0.17953333258628845,
            0.18942221999168396,
            0.19748888909816742,
            0.20613333582878113,
            0.2109111100435257,
            0.21668888628482819,
            0.22046667337417603,
            0.22306667268276215
        ],
        "val_accuracy": [
            0.1088000014424324,
            0.13120000064373016,
            0.1420000046491623,
            0.149399995803833,
            0.1581999957561493,
            0.16580000519752502,
            0.16580000519752502,
            0.17100000381469727,
            0.16920000314712524,
            0.17239999771118164,
            0.0406000018119812,
            0.039400000125169754,
            0.08699999749660492,
            0.05920000001788139,
            0.023800000548362732,
            0.05900000035762787,
            0.03400000184774399,
            0.03620000183582306,
            0.07000000029802322,
            0.0272000003606081
        ],
        "loss": [
            4.4590959548950195,
            4.101739406585693,
            3.9981837272644043,
            3.9385986328125,
            3.9013073444366455,
            3.8841171264648438,
            3.859231948852539,
            3.8510613441467285,
            3.8402981758117676,
            3.841238260269165,
            3.8195388317108154,
            3.5401031970977783,
            3.4531776905059814,
            3.39123272895813,
            3.3489229679107666,
            3.3057901859283447,
            3.2804672718048096,
            3.249119520187378,
            3.2289650440216064,
            3.2090542316436768
        ],
        "val_loss": [
            3.918823003768921,
            3.783428430557251,
            3.7063329219818115,
            3.6645593643188477,
            3.648977279663086,
            3.6080856323242188,
            3.6005215644836426,
            3.5828917026519775,
            3.565636396408081,
            3.5701792240142822,
            6.629638195037842,
            8.057718276977539,
            4.4412407875061035,
            7.083003997802734,
            11.543253898620605,
            7.170078277587891,
            8.417513847351074,
            9.924932479858398,
            5.529867172241211,
            13.391815185546875
        ]
    }
}